quote,author
"The secret to doing great research is to work on problems you can't stop thinking about.",Axon Sample
"Every model is wrong, but some are useful enough to change the world.",Axon Sample
"Data beats intuition, but intuition tells you which data to collect.",Axon Sample
"The best experiment is the one you can run before lunch.",Axon Sample
"A curious mind with simple tools outperforms an idle mind with powerful ones.",Axon Sample
"Overfitting is what happens when a model memorizes instead of learns.",Axon Sample
"Small models trained on the right data often beat large models trained on the wrong data.",Axon Sample
"The goal of machine learning is generalization, not memorization.",Axon Sample
"If you can't explain your model's mistake, you don't understand your model.",Axon Sample
"Reproducibility is the difference between science and anecdote.",Axon Sample
"Start with a baseline so simple it embarrasses you.",Axon Sample
"The loss curve tells a story; learn to read it.",Axon Sample
"Feature engineering is the art of telling the model where to look.",Axon Sample
"Evaluation is a design decision, not an afterthought.",Axon Sample
"Great research tools disappear; only the ideas remain visible.",Axon Sample
"Regularization is the humility of a model.",Axon Sample
"Your test set is a promise to your future self.",Axon Sample
"Iterate quickly, measure honestly, publish bravely.",Axon Sample
"An accessible tool multiplies the number of minds on a problem.",Axon Sample
"Science advances when experiments become cheaper.",Axon Sample
